,AP,PN,PD,PR,CCI,CCA,TI,PD_dt64
0,CN201910205498 20120629,CN109905904 A 20190618,2019-06-18,CN201910205498 20120629; CN201210226993 20120629,H04W36/125,H04W8/082,Access control method,2019-06-18
1,EP20190174532 20120120,EP3544326 A1 20190925,2019-09-25,US201161435047P 20110121; EP20120737140 20120120; WO2012US22082 20120120,H04W76/11,H04W8/082; H04W76/18; H04W76/30,NETWORK APPARATUS AND PROCESS TO DETERMINE THE CONNECTION CONTEXT FOR CONNECTIONS USED FOR (LOCAL) OFFLOADING,2019-09-25
2,US201816227196 20181220,US2019124717 A1 20190425,2019-04-25,US201816227196 20181220; US201715601097 20170522; US201414565800 20141210; US201113246573 20110927; US20100387323P 20100928,H04W76/32,H04W84/045,RESPONSE TO A NON ACCESS STRATUM MESSAGE,2019-04-25
3,US201615764513 20160930,US2019059030 A1 20190221,2019-02-21,CN201510640863 20150930; WO2016KR10986 20160930,H04L5/001; H04L5/0098; H04W36/0069; H04W36/08; H04W76/32,H04W8/082; H04W76/34,METHODS AND DEVICES FOR SUPPORTING RELEASE OF SIPTO BEARER OR LIPA BEARER IN DUAL-CONNECTIVITY ARCHITECTURE,2019-02-21
4,US201816116260 20180829,US2018376529 A1 20181227,2018-12-27,US201816116260 20180829; US201715326028 20170112; WO2015KR07688 20150723; US201462028344P 20140724; US201462078951P 20141112,H04W76/12; H04W76/15,H04W88/08; H04W92/20,"(A1)
METHOD AND APPARATUS FOR SUPPORTING LOCAL GATEWAY SERVICE FOR DUAL CONNECTIVITY IN WIRELESS COMMUNICATION SYSTEM
(B2)
Method and apparatus for supporting local gateway service for dual connectivity in wireless communication system",2018-12-27
5,US201815997580 20180604,US2018288661 A1 20181004,2018-10-04,US201815997580 20180604; CN201210226993 20120629; US201314411862 20130627; WO2013KR05700 20130627,H04W36/125,H04W8/082,"(A1)
METHOD FOR DETERMINING ACCESS CONTROL
(B2)
Method for determining access control",2018-10-04
6,JP20180036835 20180301,JP2018137759 A 20180830,2018-08-30,US201161503711P 20110701,H04W8/082; H04W36/0083; H04W48/20,H04W84/045,"(A)
METHOD AND APPARATUS FOR SELECTED INTERNET PROTOCOL (IP) TRAFFIC OFFLOAD (SIPTO) AND LOCAL IP ACCESS (LIPA) MOBILITY",2018-08-30
7,US201815959638 20180423,US2018242213 A1 20180823,2018-08-23,US201815959638 20180423; US201615217288 20160722; US201213538732 20120629; US201161503711P 20110701,H04W8/082; H04W36/0083; H04W48/20,H04W84/045,METHOD AND APPARATUS FOR SELECTED INTERNET PROTOCOL (IP) TRAFFIC OFFLOAD (SIPTO) AND LOCAL IP ACCESS (LIPA) MOBILITY,2018-08-23
8,EP20180187800 20110111,EP3419341 A1 20181226,2018-12-26,EP20110701325 20110111; US20100685651 20100111; WO2011US20838 20110111,H04W48/08,H04W76/10; H04W76/12; H04W80/04; H04W84/045,SYSTEM AND METHOD FOR ENABLING DISCOVERY OF LOCAL SERVICE AVAILABILITY IN LOCAL CELLULAR COVERAGE,2018-12-26
9,PL20100751896T 20100824,PL2609779T T3 20180330,2018-03-30,EP20100751896 20100824; WO2010EP62347 20100824,H04W68/00,H04W84/045; H04W92/02,NETWORK DEVICES AND METHOD FOR SUPPORTING DOWNLINK PAGING FOR LIPA OR SIPTO,2018-03-30
10,US201515563589 20150929,US2018092014 A1 20180329,2018-03-29,CN201510165687 20150409; WO2015CN91122 20150929,H04W8/082; H04W36/125,H04W28/08; H04W36/0069; H04W76/15; H04W76/34; H04W76/36,"(A1 B2)
Cross-MeNB switching method and apparatus and base station",2018-03-29
11,US201715815279 20171116,US2018077560 A1 20180315,2018-03-15,US201715815279 20171116; US201213433979 20120329; US201161471022P 20110401; US201161501108P 20110624; US201161563026P 20111122,H04W8/082,H04W36/0033; H04W76/20; H04W84/045,METHOD AND APPARATUS FOR PERFORMING A SELECTIVE IP TRAFFIC OFFLOAD PROCEDURE,2018-03-15
12,CN20171158096 20110106,CN107750050 A 20180302,2018-03-02,CN20171158096 20110106; CN20111020180 20110106,H04W8/082,H04W8/26; H04W36/12; H04W48/16; H04W76/10; H04W84/045; H04W88/08,Method and device supporting UE mobility,2018-03-02
13,US201715711839 20170921,US2018014177 A1 20180111,2018-01-11,US201715711839 20170921; US201514770880 20150827; WO2013US77793 20131226; US201361806821P 20130329,H04B7/0452; H04B7/0617; H04B7/063; H04B7/0695; H04B7/088; H04L1/1864; H04L5/0051; H04L5/0085; H04L47/803; H04L65/4092; H04L65/602; H04L65/604; H04L65/607; H04L65/80; H04N21/2402; H04N21/8456; H04N21/8543; H04W4/021; H04W28/02; H04W36/0011; H04W36/0022; H04W36/125; H04W36/26; H04W48/18; H04W56/001,H04L5/0007; H04L2025/03426; H04W36/0072; H04W48/12; Y02D70/1224; Y02D70/1242; Y02D70/1244; Y02D70/1246; Y02D70/1262; Y02D70/1264; Y02D70/142; Y02D70/144; Y02D70/146; Y02D70/162; Y02D70/164; Y02D70/168; Y02D70/21; Y02D70/23; Y02D70/444,"(A1)
ESTABLISHMENT OF CONNECTION TO THE INTERNET IN CELLULAR NETWORK
(B2)
Establishment of connection to the internet",2018-01-11
14,RU20160140111 20150313,RU2630418 C1 20170907,2017-09-07,US201461952859P 20140313; WO2015US20459 20150313,H04W76/12; H04W76/15,H04W8/082; H04W16/32; H04W24/02; H04W36/0069; H04W36/125; H04W36/28; H04W84/045; H04W88/06; H04W88/16,LOCAL DISCHARGE AND SMALL CELLS ARCHITECTURE (SCA),2017-09-07
15,KR20160021370 20160223,KR20170099238 A 20170831,2017-08-31,KR20160021370 20160223,,,LOAD CONTROL APPARATUS AND METHOD IN MOBILE SYSTEM,2017-08-31
16,US201715601097 20170522,US2017257905 A1 20170907,2017-09-07,US201715601097 20170522; US201414565800 20141210; US201113246573 20110927; US20100387323P 20100928,H04W76/32,H04W84/045,"(A1)
RELEASING CONNECTIONS WITH LOCAL GW WHEN UE MOVES OUT OF RESIDENTIAL/ENTERPRISE NETWORK COVERAGE
(B2)
Releasing connections with local GW when UE moves out of residential/enterprise network coverage",2017-09-07
17,US201515326028 20150723,US2017215062 A1 20170727,2017-07-27,US201515326028 20150723; US201462028344P 20140724; US201462078951P 20141112; WO2015KR07688 20150723,H04W76/12; H04W76/15,H04W88/08; H04W92/20,"(A1)
METHOD AND APPARATUS FOR SUPPORTING LOCAL GATEWAY SERVICE FOR DUAL CONNECTIVITY IN WIRELESS COMMUNICATION SYSTEM
(B2)
Method and apparatus for supporting local gateway service for dual connectivity in wireless communication system",2017-07-27
18,US201615369437 20161205,US2017150396 A1 20170525,2017-05-25,US201615369437 20161205; US201514798038 20150713; US201213439611 20120404; US201161471489P 20110404,H04W8/082,,"(A1)
METHOD AND APPARATUS FOR CONTROLLING THE APPLICATION OF SELECTED IP TRAFFIC OFFLOAD AND LOCAL IP ACCESS
(B2)
Method and apparatus for controlling the application of selected IP traffic offload and local IP access",2017-05-25
19,CN20158013762 20150313,CN106105372 A 20161109,2016-11-09,US201461952859P 20140313; WO2015US20459 20150313,H04W76/12; H04W76/15,H04W8/082; H04W16/32; H04W24/02; H04W36/0069; H04W36/125; H04W36/28; H04W84/045; H04W88/06; H04W88/16,"(A)
Local offload and small cell architecture (SCA)",2016-11-09
20,CN20158039761 20150723,CN106576397 A 20170419,2017-04-19,US201462028344P 20140724; US201462078951P 20141112; WO2015KR07688 20150723,H04W76/12; H04W76/15,H04W88/08; H04W92/20,Method and apparatus for supporting local gateway service for dual connectivity in wireless communication system,2017-04-19
21,EP20160852101 20160930,EP3342244 A1 20180704,2018-07-04,CN201510640863 20150930; WO2016KR10986 20160930,H04L5/001; H04L5/0098; H04W36/0069; H04W36/08; H04W76/32,H04W8/082; H04W76/34,"(A1 A4)
METHODS AND DEVICES FOR SUPPORTING RELEASE OF SIPTO BEARER OR LIPA BEARER IN DUAL-CONNECTIVITY ARCHITECTURE",2018-07-04
22,JP20160235310 20161202,JP2017063492 A 20170330,2017-03-30,US20100304199P 20100212; US20100293423P 20100108,H04W48/17,H04W4/06; H04W48/08; H04W48/16; H04W68/00; H04W76/16,"(A)
METHOD AND DEVICE FOR BROADCASTING SUPPORT OF SELECTED INTERNET PROTOCOL TRAFFIC OFF-LOAD",2017-03-30
23,WO2016KR10986 20160930,WO2017057955 A1 20170406,2017-04-06,CN201510640863 20150930,H04L5/001; H04L5/0098; H04W36/0069; H04W36/08; H04W76/32,H04W8/082; H04W76/34,METHODS AND DEVICES FOR SUPPORTING RELEASE OF SIPTO BEARER OR LIPA BEARER IN DUAL-CONNECTIVITY ARCHITECTURE,2017-04-06
24,CN201510640863 20150930,CN106559920 A 20170405,2017-04-05,CN201510640863 20150930,H04L5/001; H04L5/0098; H04W36/0069; H04W36/08; H04W76/32,H04W8/082; H04W76/34,Method and equipment supporting SIPTO or LIPA load release under dual connection architecture,2017-04-05
25,US201515122285 20150313,US2016373987 A1 20161222,2016-12-22,US201515122285 20150313; US201461952859P 20140313; WO2015US20459 20150313,H04W76/12; H04W76/15,H04W8/082; H04W16/32; H04W24/02; H04W36/0069; H04W36/125; H04W36/28; H04W84/045; H04W88/06; H04W88/16,"(A1)
Local Offload and Small Cell Architecture (SCA)
(B2)
Local offload and small cell architecture (SCA)",2016-12-22
26,JP20160172947 20160905,JP2016201852 A 20161201,2016-12-01,US20100387323P 20100928,H04W76/32,H04W84/045,"(A)
RESIDENTIAL/ENTERPRISE NETWORK CONNECTION MANAGEMENT AND HANDOVER SCENARIOS",2016-12-01
27,CN201510165687 20150409,CN106162774 A 20161123,2016-11-23,CN201510165687 20150409,H04W8/082; H04W36/125,H04W28/08; H04W36/0069; H04W76/15; H04W76/34; H04W76/36,"Cross-MeNB switching method, cross-MeNB switching apparatus and eNodeB",2016-11-23
28,US201615217288 20160722,US2016330664 A1 20161110,2016-11-10,US201615217288 20160722; US201213538732 20120629; US201161503711P 20110701,H04W8/082; H04W36/0083; H04W48/20,H04W84/045,METHOD AND APPARATUS FOR SELECTED INTERNET PROTOCOL (IP) TRAFFIC OFFLOAD (SIPTO) AND LOCAL IP ACCESS (LIPA) MOBILITY,2016-11-10
29,WO2015CN91122 20150929,WO2016161785 A1 20161013,2016-10-13,CN201510165687 20150409,H04W8/082; H04W36/125,H04W28/08; H04W36/0069; H04W76/15; H04W76/34; H04W76/36,CROSS-MENB SWITCHING METHOD AND APPARATUS AND BASE STATION,2016-10-13
30,EP20150888337 20150929,EP3282759 A1 20180214,2018-02-14,CN201510165687 20150409; WO2015CN91122 20150929,H04W8/082; H04W36/125,H04W28/08; H04W36/0069; H04W76/15; H04W76/34; H04W76/36,"(A1 A4)
CROSS-MENB SWITCHING METHOD AND APPARATUS AND BASE STATION",2018-02-14
31,JP20160090414 20160428,JP2016158291 A 20160901,2016-09-01,US201161435047P 20110121,H04W76/11,H04W8/082; H04W76/18; H04W76/30,NETWORK APPARATUS AND PROCESS TO DETERMINE CONNECTION CONTENT FOR CONNECTIONS USED FOR (LOCAL) OFFLOADING,2016-09-01
32,JP20160093487 20160506,JP2016158300 A 20160901,2016-09-01,US201161503711P 20110701,H04W8/082; H04W36/0083; H04W48/20,H04W84/045,METHOD AND APPARATUS FOR SELECTED INTERNET PROTOCOL (IP) TRAFFIC OFFLOAD (SIPTO) AND LOCAL IP ACCESS (LIPA) MOBILITY,2016-09-01
33,CN201610411097 20110111,CN105898829 A 20160824,2016-08-24,US20100685651 20100111; CN20118013408 20110111,H04W48/08,H04W76/10; H04W76/12; H04W80/04; H04W84/045,"(A)
SYSTEM AND METHOD FOR ENABLING DISCOVERY OF LOCAL SERVICE AVAILABILITY IN LOCAL CELLULAR COVERAGE",2016-08-24
34,WO2015CN84730 20150721,WO2016090923 A1 20160616,2016-06-16,CN201410766327 20141211,,,LIPA/SIPTO CONNECTION ESTABLISHMENT METHOD AND DEVICE,2016-06-16
35,WO2015CN84729 20150721,WO2016090922 A1 20160616,2016-06-16,CN201410765171 20141211,,,LIPA/SIPTO CONNECTION ESTABLISHMENT METHOD AND DEVICE,2016-06-16
36,WO2015KR07688 20150723,WO2016013890 A1 20160128,2016-01-28,US201462028344P 20140724; US201462078951P 20141112,H04W76/12; H04W76/15,H04W88/08; H04W92/20,METHOD AND APPARATUS FOR SUPPORTING LOCAL GATEWAY SERVICE FOR DUAL CONNECTIVITY IN WIRELESS COMMUNICATION SYSTEM,2016-01-28
37,US201314770880 20131226,US2016007346 A1 20160107,2016-01-07,US201314770880 20131226; US201361806821P 20130329; WO2013US77793 20131226,H04B7/0452; H04B7/0617; H04B7/063; H04B7/0695; H04B7/088; H04L1/1864; H04L5/0051; H04L5/0085; H04L47/803; H04L65/4092; H04L65/602; H04L65/604; H04L65/607; H04L65/80; H04N21/2402; H04N21/8456; H04N21/8543; H04W4/021; H04W28/02; H04W36/0011; H04W36/0022; H04W36/125; H04W36/26; H04W48/18; H04W56/001,H04L5/0007; H04L2025/03426; H04W36/0072; H04W48/12; Y02D70/1224; Y02D70/1242; Y02D70/1244; Y02D70/1246; Y02D70/1262; Y02D70/1264; Y02D70/142; Y02D70/144; Y02D70/146; Y02D70/162; Y02D70/164; Y02D70/168; Y02D70/21; Y02D70/23; Y02D70/444,"(A1)
ESTABLISHMENT OF CONNECTION TO THE INTERNET IN CELLULAR NETWORK
(B2)
Establishment of connection to the internet in cellular network",2016-01-07
38,US201514814684 20150731,US2015341777 A1 20151126,2015-11-26,US201514814684 20150731; JP20090217755 20090918; JP20090256493 20091109; US201414202434 20140310; US201213395360 20120309; WO2010JP66215 20100917,H04W8/082; H04W76/22,H04W80/04,"(A1)
COMMUNICATION SYSTEM, COMMUNICATION CONTROL METHOD, AND MOBILITY MANAGEMENT NODE
(B2)
Communication system, communication control method, and mobility management node",2015-11-26
39,CN20138073744 20131226,CN105075303 A 20151118,2015-11-18,WO2013US77793 20131226; US201361806821P 20130329,H04B7/0452; H04B7/0617; H04B7/063; H04B7/0695; H04B7/088; H04L1/1864; H04L5/0051; H04L5/0085; H04L47/803; H04L65/4092; H04L65/602; H04L65/604; H04L65/607; H04L65/80; H04N21/2402; H04N21/8456; H04N21/8543; H04W4/021; H04W28/02; H04W36/0011; H04W36/0022; H04W36/125; H04W36/26; H04W48/18; H04W56/001,H04L5/0007; H04L2025/03426; H04W36/0072; H04W48/12; Y02D70/1224; Y02D70/1242; Y02D70/1244; Y02D70/1246; Y02D70/1262; Y02D70/1264; Y02D70/142; Y02D70/144; Y02D70/146; Y02D70/162; Y02D70/164; Y02D70/168; Y02D70/21; Y02D70/23; Y02D70/444,"(A)
Establishment of connection to the internet in cellular network",2015-11-18
40,US201514798038 20150713,US2015319642 A1 20151105,2015-11-05,US201514798038 20150713; US201213439611 20120404; US201161471489P 20110404,H04W8/082,,"(A1)
METHOD AND APPARATUS FOR CONTROLLING THE APPLICATION OF SELECTED IP TRAFFIC OFFLOAD AND LOCAL IP ACCESS
(B2)
Method and apparatus for controlling the application of selected IP traffic offload and local IP access",2015-11-05
41,EP20150192061 20110927,EP2996385 A1 20160316,2016-03-16,US20100387310P 20100928; EP20110764661 20110927,H04W36/0022,H04W36/14,"(A1 B1)
RESIDENTIAL/ENTERPRISE NETWORK CONNECTION MANAGEMENT AND CSFB SCENARIOS",2016-03-16
42,US201314424245 20130916,US2015223129 A1 20150806,2015-08-06,CN201210356810 20120921; WO2013KR08349 20130916,H04W8/082,,METHOD FOR CORRECTLY ESTABLISHING A LOCAL IP ACCESS SERVICE,2015-08-06
43,EP20150178660 20110110,EP2981112 A1 20160203,2016-02-03,US20100293423P 20100108; US20100304199P 20100212; EP20110701317 20110110; WO2011US20637 20110110,H04W48/17,H04W4/06; H04W48/08; H04W48/16; H04W68/00; H04W76/16,"(A1 B1)
METHOD AND APPARATUS FOR BROADCASTING SUPPORT OF SELECTED INTERNET PROTOCOL TRAFFIC OFFLOAD",2016-02-03
44,JP20140247370 20141205,JP2015111831 A 20150618,2015-06-18,US20100304199P 20100212; US20100293423P 20100108,H04W48/17,H04W4/06; H04W48/08; H04W48/16; H04W68/00; H04W76/16,METHOD AND DEVICE FOR BROADCASTING SUPPORT OF SELECTED INTERNET PROTOCOL TRAFFIC OFF-LOAD,2015-06-18
45,CN201410766327 20141211,CN104717764 A 20150617,2015-06-17,CN201410766327 20141211,,,Method and device for establishing LIPA/SIPTO connection,2015-06-17
46,CN201410765171 20141211,CN104703293 A 20150610,2015-06-10,CN201410765171 20141211,,,"(A)
LIPA/SIPTO connection establishing method and device",2015-06-10
47,US201314411862 20130627,US2015146690 A1 20150528,2015-05-28,CN201210226993 20120629; WO2013KR05700 20130627,H04W36/125,H04W8/082,"(A1)
METHOD FOR DETERMINING ACCESS CONTROL
(B2)
Method for determining access control",2015-05-28
48,US201414565800 20141210,US2015092665 A1 20150402,2015-04-02,US201414565800 20141210; US201113246573 20110927; US20100387323P 20100928,H04W76/32,H04W84/045,"(A1)
RELEASING CONNECTIONS WITH LOCAL GW WHEN UE MOVES OUT OF RESIDENTIAL/ENTERPRISE NETWORK COVERAGE
(B2)
Releasing connections with local GW when UE moves out of residential/enterprise network coverage",2015-04-02
49,WO2015US20459 20150313,WO2015138908 A2 20150917,2015-09-17,US201461952859P 20140313,H04W76/12; H04W76/15,H04W8/082; H04W16/32; H04W24/02; H04W36/0069; H04W36/125; H04W36/28; H04W84/045; H04W88/06; H04W88/16,"(A2 A3)
LOCAL OFFLOAD AND SMALL CELL ARCHITECTURE (SCA)",2015-09-17
50,JP20140214524 20141021,JP2015053706 A 20150319,2015-03-19,JP20090217755 20090918; JP20090256493 20091109; JP20140214524 20141021,H04W8/082; H04W76/22,H04W80/04,COMMUNICATION SYSTEM AND COMMUNICATION CONTROL METHOD,2015-03-19
51,JP20140200246 20140930,JP2014241649 A 20141225,2014-12-25,US20100387323P 20100928,H04W76/32,H04W84/045,"(A)
RESIDENTIAL/ENTERPRISE NETWORK CONNECTION MANAGEMENT AND HANDOVER SCENARIOS",2014-12-25
52,US201414336012 20140721,US2014328321 A1 20141106,2014-11-06,US201414336012 20140721; JP20090217757 20090918; US201113131810 20110808; WO2010JP66211 20100917,H04W36/00; H04W36/0033; H04W36/32; H04W76/20; H04W76/22,H04W36/12,"(A1)
COMMUNICATION SYSTEM AND COMMUNICATION CONTROLLING METHOD
(B2)
Communication system and communication controlling method",2014-11-06
53,JP20140034353 20140225,JP2014183573 A 20140929,2014-09-29,US201361800706P 20130315,H04N21/2146; H04N21/64738; H04W76/15,H04N21/6181; H04N21/6193; H04W8/082,"(A)
SYSTEM AND METHOD FOR PROVIDING MULTIMODE WIRELESS DATA DISTRIBUTION",2014-09-29
54,WO2013US77793 20131226,WO2014158275 A1 20141002,2014-10-02,US201361806821P 20130329,H04B7/0452; H04B7/0617; H04B7/063; H04B7/0695; H04B7/088; H04L1/1864; H04L5/0051; H04L5/0085; H04L47/803; H04L65/4092; H04L65/602; H04L65/604; H04L65/607; H04L65/80; H04N21/2402; H04N21/8456; H04N21/8543; H04W4/021; H04W28/02; H04W36/0011; H04W36/0022; H04W36/125; H04W36/26; H04W48/18; H04W56/001,H04L5/0007; H04L2025/03426; H04W36/0072; H04W48/12; Y02D70/1224; Y02D70/1242; Y02D70/1244; Y02D70/1246; Y02D70/1262; Y02D70/1264; Y02D70/142; Y02D70/144; Y02D70/146; Y02D70/162; Y02D70/164; Y02D70/168; Y02D70/21; Y02D70/23; Y02D70/444,ESTABLISHMENT OF CONNECTION TO THE INTERNET IN CELLULAR NETWORK,2014-10-02
55,CA20142841685 20140206,CA2841685 A1 20140915,2014-09-15,US201361800706P 20130315,H04N21/2146; H04N21/64738; H04W76/15,H04N21/6181; H04N21/6193; H04W8/082,SYSTEM AND METHOD FOR PROVIDING MULTI-MODE WIRELESS DATA DISTRIBUTION,2014-09-15
56,US201414185615 20140220,US2014282747 A1 20140918,2014-09-18,US201414185615 20140220; US201361800706P 20130315,H04N21/2146; H04N21/64738; H04W76/15,H04N21/6181; H04N21/6193; H04W8/082,"(A1)
SYSTEM AND METHOD FOR PROVIDING MULTI-MODE WIRELESS DATA DISTRIBUTION
(B2)
System and method for providing multi-mode wireless data distribution",2014-09-18
57,CN20141095580 20140314,CN104053044 A 20140917,2014-09-17,US201361800706P 20130315,H04N21/2146; H04N21/64738; H04W76/15,H04N21/6181; H04N21/6193; H04W8/082,"(A)
System And Method For Providing Multi-mode Wireless Data Distribution",2014-09-17
58,US201414202434 20140310,US2014185447 A1 20140703,2014-07-03,US201414202434 20140310; JP20090217755 20090918; JP20090256493 20091109; US201213395360 20120309; WO2010JP66215 20100917,H04W8/082; H04W76/22,H04W80/04,"(A1)
COMMUNICATION SYSTEM AND COMMUNICATION CONTROL METHOD
(B2)
Communication system and communication control method",2014-07-03
59,KR20147002431 20120629,KR20140050641 A 20140429,2014-04-29,US201161503711P 20110701; WO2012US45037 20120629,H04W8/082; H04W36/0083; H04W48/20,H04W84/045,METHOD AND APPARATUS FOR SELECTED INTERNET PROTOCOL (IP) TRAFFIC OFFLOAD (SIPTO) AND LOCAL IP ACCESS (LIPA) MOBILITY,2014-04-29
60,US201414152872 20140110,US2014126541 A1 20140508,2014-05-08,US201414152872 20140110; JP20090217757 20090918; US201213398253 20120216; US201113118743 20110531; US201113149264 20110531; US201113131810 20110808; WO2010JP66211 20100917,H04W36/00; H04W36/0033; H04W36/32; H04W76/20; H04W76/22,H04W36/12,"(A1)
COMMUNICATION SYSTEM AND COMMUNICATION CONTROLLING METHOD
(B2)
Communication system and communication controlling method",2014-05-08
61,WO2013KR08349 20130916,WO2014046431 A2 20140327,2014-03-27,CN201210356810 20120921,H04W8/082,,"(A2 A3)
METHOD FOR CORRECTLY ESTABLISHING A LOCAL IP ACCESS SERVICE",2014-03-27
62,CN201210356810 20120921,CN103686932 A 20140326,2014-03-26,CN201210356810 20120921,H04W8/082,,Method for ensuring correct establishment of local IP access service,2014-03-26
63,CN20128033129 20120629,CN103650550 A 20140319,2014-03-19,WO2012US45037 20120629; US201161503711P 20110701,H04W8/082; H04W36/0083; H04W48/20,H04W84/045,Method and apparatus for selected internet protocol (IP) traffic offload (SIPTO) and local ip access (LIPA) mobility,2014-03-19
64,EP20140155830 20140219,EP2811747 A1 20141210,2014-12-10,US201361800706P 20130315,H04N21/2146; H04N21/64738; H04W76/15,H04N21/6181; H04N21/6193; H04W8/082,"(A1 B1)
System and method for providing multi-mode wireless data distribution",2014-12-10
65,CN20118002286 20110905,CN103548387 A 20140129,2014-01-29,WO2011CN79337 20110905,H04W36/0033,H04W8/082,"(A)
Switchover processing method, mobility management network element, and wireless access network element and system",2014-01-29
66,CN201310462892 20130930,CN103533095 A 20140122,2014-01-22,CN201310462892 20130930,,,"(A)
Network intercommunication method and device",2014-01-22
67,CN201210226993 20120629,CN103517362 A 20140115,2014-01-15,CN201210226993 20120629,H04W36/125,H04W8/082,Access control judgment method,2014-01-15
68,WO2013KR05700 20130627,WO2014003455 A1 20140103,2014-01-03,CN201210226993 20120629,H04W36/125,H04W8/082,METHOD FOR DETERMINING ACCESS CONTROL,2014-01-03
69,CN20128014370 20120120,CN103430580 A 20131204,2013-12-04,WO2012US22082 20120120; US201161435047P 20110121,H04W76/11,H04W8/082; H04W76/18; H04W76/30,"(A)
Network apparatus and process to determine connection context for connections used for (local) offloading",2013-12-04
70,US201113825996 20110927,US2013308527 A1 20131121,2013-11-21,US201113825996 20110927; US20100387297P 20100928; WO2011US53505 20110927,H04W36/0022; H04W48/08; H04W76/30,H04W8/082; H04W84/045,"(A1)
METHOD AND APPARATUS FOR RELEASING CONNECTION WITH LOCAL GW WHEN UE MOVES OUT OF THE RESIDENTIAL/ENTERPRISE NETWORK COVERAGE
(B2)
Method and apparatus for releasing connection with local GW when UE moves out of the residential/enterprise network coverage",2013-11-21
71,WO2013CN72499 20130312,WO2013159605 A1 20131031,2013-10-31,CN201210135000 20120428,H04W28/24,,"COMMUNICATION SYSTEM, DEVICE, AND METHOD",2013-10-31
72,CN201210135000 20120428,CN103379555 A 20131030,2013-10-30,CN201210135000 20120428,H04W28/24,,"(A)
System, device and method for communication",2013-10-30
73,CA20122825346 20120120,CA2825346 A1 20120726,2012-07-26,US201161435047P 20110121; WO2012US22082 20120120,H04W76/11,H04W8/082; H04W76/18; H04W76/30,"(A1 C)
NETWORK APPARATUS AND PROCESS TO DETERMINE THE CONNECTION CONTEXT FOR CONNECTIONS USED FOR (LOCAL) OFFLOADING",2012-07-26
74,CN20118057194 20110927,CN103229547 A 20130731,2013-07-31,WO2011US53525 20110927; US20100387323P 20100928,H04W76/32,H04W84/045,"(A)
Residential/enterprise network connection management and handover scenarios",2013-07-31
75,CN20118057173 20110927,CN103229546 A 20130731,2013-07-31,WO2011US53505 20110927; US20100387297P 20100928,H04W36/0022; H04W48/08; H04W76/30,H04W8/082; H04W84/045,"(A)
Method and device for releasing connection with local GW when UE moved out of the residential/enterprise network coverage",2013-07-31
76,US201113876019 20110927,US2013188604 A1 20130725,2013-07-25,US201113876019 20110927; US20100387323P 20100928; WO2011US53525 20110927,H04W76/32,H04W84/045,RESIDENTIAL/ENTERPRISE NETWORK CONNECTION MANAGEMENT AND HANDOVER SCENARIOS,2013-07-25
77,CN20118046846 20110927,CN103210682 A 20130717,2013-07-17,WO2011US53512 20110927; US20100387310P 20100928,H04W36/0022,H04W36/14,"(A)
Residential/enterprise network connection management and csfb scenarios",2013-07-17
78,US201013817927 20100824,US2013148621 A1 20130613,2013-06-13,WO2010EP62347 20100824,H04W68/00,H04W84/045; H04W92/02,"(A1)
NETWORK DEVICES AND METHOD FOR SUPPORTING DOWNLINK PAGING FOR LIPA OR SIPTO
(B2)
Network devices and method for supporting downlink paging for LIPA or SIPTO",2013-06-13
79,CA20112816153 20110927,CA2816153 A1 20120419,2012-04-19,US20100387310P 20100928; WO2011US53512 20110927,H04W36/0022,H04W36/14,"(A1 C)
RESIDENTIAL/ENTERPRISE NETWORK CONNECTION MANAGEMENT AND CSFB SCENARIOS",2012-04-19
80,CN20118001542 20110627,CN103155683 A 20130612,2013-06-12,WO2011CN76450 20110627,H04L12/5691; H04W76/11,H04W8/082; H04W24/02,"(A)
Method and apparatus for realizing mobility of local ip access or selected ip traffic offload",2013-06-12
81,CN20118046887 20110927,CN103155639 A 20130612,2013-06-12,WO2011US53520 20110927; US20100387323P 20100928,H04W76/32,H04W84/045,"(A)
Releasing connections with local GW when UE moves out of residential/enterprise network coverage",2013-06-12
82,CA20112812954 20110927,CA2812954 A1 20120419,2012-04-19,US20100387323P 20100928; WO2011US53525 20110927,H04W76/32,H04W84/045,"(A1 C)
RESIDENTIAL/ENTERPRISE NETWORK CONNECTION MANAGEMENT AND HANDOVER SCENARIOS",2012-04-19
83,CA20112812953 20110927,CA2812953 A1 20120405,2012-04-05,US20100387323P 20100928; WO2011US53520 20110927,H04W76/32,H04W84/045,"(A1 C)
RELEASING CONNECTIONS WITH LOCAL GW WHEN UE MOVES OUT OF RESIDENTIAL/ENTERPRISE NETWORK COVERAGE",2012-04-05
84,CA20112812944 20110927,CA2812944 A1 20120419,2012-04-19,US20100387297P 20100928; WO2011US53505 20110927,H04W36/0022; H04W48/08; H04W76/30,H04W8/082; H04W84/045,"(A1 C)
METHOD AND APPARATUS FOR RELEASING CONNECTION WITH LOCAL GW WHEN UE MOVES OUT OF THE RESIDENTIAL/ENTERPRISE NETWORK COVERAGE",2012-04-19
85,TW20120123378 20120629,TW201306544 A 20130201,2013-02-01,US201161503711P 20110701,H04W8/082; H04W36/0083; H04W48/20,H04W84/045,"(A)
Method and apparatus for Selected Internet Protocol (IP) Traffic Offload (SIPTO) and Local IP Access (LIPA) mobility
(B)
Method and apparatus for selected internet protocol (ip) traffic offload (sipto) and local ip access (lipa) mobility",2013-02-01
86,TW20120112072 20120405,TW201246877 A 20121116,2012-11-16,US201161471489P 20110404,H04W8/082,,Method and apparatus for controlling the application of selected IP traffic offload and local IP access,2012-11-16
87,KR20117026636 20110429,KR20130018471 A 20130225,2013-02-25,US20100329531P 20100429; US20100389269P 20101003; WO2011KR03226 20110429,H04W8/082,H04L61/1588; H04W60/04,"(A)
SERVER FOR CONTROL PLANE IN MOBILE COMMUNICATION NETWORK AND METHOD FOR CONTROLLING SERVICE
(B1)
CONTROL PLANE SERVER FOR CONTROL PLANE IN MOBILE COMMUNICATION NETWORK AND METHOD FOR CONTROLLING SERVICE",2013-02-25
88,CN20108055043 20101203,CN102986288 A 20130320,2013-03-20,WO2010US58940 20101203; US20090266726P 20091204; US20100299738P 20100129; US20100322245P 20100408; US20100349531P 20100528,H04L63/30; H04W8/082; H04W12/001,H04W76/12; H04W84/045; H04W88/06; H04W92/22,"(A)
Extended local IP access for a converged gateway in a hybrid network",2013-03-20
89,WO2011CN79337 20110905,WO2013033883 A1 20130314,2013-03-14,WO2011CN79337 20110905,H04W36/0033,H04W8/082,"SWITCHOVER PROCESSING METHOD, MOBILITY MANAGEMENT NETWORK ELEMENT, AND WIRELESS ACCESS NETWORK ELEMENT AND SYSTEM",2013-03-14
90,US201113634543 20110311,US2013058292 A1 20130307,2013-03-07,CN201010124871 20100312; WO2011CN71740 20110311,H04W76/12,,"(A1)
METHOD, SYSTEM AND APPARATUS FOR SELECTING DATA PLANE TUNNEL ACCORDING TO THE STATUS OF USER EQUIPMENT
(B2)
Method, system, and apparatus for selecting data plane tunnel according to the status of user equipment",2013-03-07
91,KR20110045924 20110516,KR20120128177 A 20121127,2012-11-27,KR20110045924 20110516,H04W8/082; H04W76/12,H04W36/125; H04W84/045,"(A)
APPARATUS AND METHOD FOR SUPPORTING SESSION CONTINUITY IN WIRELESS COMMUNICATION SYSTEM
(B1)
.APPARATUS AND METHOD FOR SUPPORTING SESSION CONTINUITY IN WIRELESS COMMUNICATION SYSTEM",2012-11-27
92,CN20108066516 20100510,CN102860081 A 20130102,2013-01-02,WO2010CN72560 20100510,H04W36/12,H04W36/22,"(A B)
Method and correlative device for user equipment handover inter home node bases",2013-01-02
93,US201213538732 20120629,US2013003699 A1 20130103,2013-01-03,US201213538732 20120629; US201161503711P 20110701,H04W8/082; H04W36/0083; H04W48/20,H04W84/045,"(A1)
METHOD AND APPARATUS FOR SELECTED INTERNET PROTOCOL (IP) TRAFFIC OFFLOAD (SIPTO) AND LOCAL IP ACCESS (LIPA) MOBILITY
(B2)
Method and apparatus for selected internet protocol (IP) traffic offload (SIPTO) and local IP access (LIPA) mobility",2013-01-03
94,WO2011CN76450 20110627,WO2012167460 A1 20121213,2012-12-13,WO2011CN76450 20110627,H04L12/5691; H04W76/11,H04W8/082; H04W24/02,METHOD AND APPARATUS FOR REALIZING MOBILITY OF LOCAL IP ACCESS OR SELECTED IP TRAFFIC OFFLOAD,2012-12-13
95,US201113577002 20110207,US2012314688 A1 20121213,2012-12-13,EP20100001210 20100205; WO2011EP00548 20110207,H04W36/08,H04W8/082; H04W36/0033; H04W36/22,METHOD FOR ROUTING TRAFFIC WITHIN A NETWORK AND A NETWORK,2012-12-13
96,US201113576432 20110927,US2012300750 A1 20121129,2012-11-29,US201113576432 20110927; US20100387310P 20100928; WO2011US53512 20110927,H04W36/0022,H04W36/14,"(A1)
RESIDENTIAL/ENTERPRISE NETWORK CONNECTION MANAGEMENT AND CSFB SCENARIOS
(B2)
Residential/enterprise network connection management and CSFB scenarios",2012-11-29
97,US201113522896 20110112,US2012294283 A1 20121122,2012-11-22,WO2011KR00199 20110112; CN20101003382 20100119,H04W36/0055,,"(A1)
METHOD FOR DATA FORWARDING
(B2)
Method for data forwarding",2012-11-22
98,CN20118013408 20110111,CN102792739 A 20121121,2012-11-21,WO2011US20838 20110111; US20100685651 20100111,H04W48/08,H04W76/10; H04W76/12; H04W80/04; H04W84/045,"(A)
System and method for enabling discovery of local service availability in local cellular coverage",2012-11-21
99,AU20110251105 20110509,AU2011251105 A1 20121108,2012-11-08,CN201010234849 20100720; CN201010175987 20100510; WO2011KR03438 20110509,H04W8/082; H04W76/34,H04W28/06; H04W36/08; H04W48/02; H04W72/00; H04W76/19,"(A1 B2)
Handover method supporting terminal mobility",2012-11-08
100,US201213439611 20120404,US2012275310 A1 20121101,2012-11-01,US201213439611 20120404; US201161471489P 20110404,H04W8/082,,"(A1)
METHOD AND APPARATUS FOR CONTROLLING THE APPLICATION OF SELECTED IP TRAFFIC OFFLOAD AND LOCAL IP ACCESS
(B2)
Method and apparatus for controlling the application of selected IP traffic offload and local IP access",2012-11-01
101,CN20118008260 20110207,CN102763456 A 20121031,2012-10-31,EP20100001210 20100205; WO2011EP00548 20110207,H04W36/08,H04W8/082; H04W36/0033; H04W36/22,A method for routing traffic within a network and a network,2012-10-31
102,SG20120051223 20110111,SG182479 A1 20120830,2012-08-30,US20100685651 20100111; WO2011US20838 20110111,H04W48/08,H04W76/10; H04W76/12; H04W80/04; H04W84/045,SYSTEM AND METHOD FOR ENABLING DISCOVERY OF LOCAL SERVICE AVAILABILITY IN LOCAL CELLULAR COVERAGE,2012-08-30
103,CN20108002505 20100820,CN102754460 A 20121024,2012-10-24,WO2010CN76193 20100820,H04W8/02,H04W28/06; H04W48/16; H04W76/10; H04W88/16,"(A)
Method for indicating information and mobility management network element",2012-10-24
104,CN20118005555 20110110,CN102714788 A 20121003,2012-10-03,WO2011US20637 20110110; US20100293423P 20100108; US20100304199P 20100212,H04W48/17,H04W4/06; H04W48/08; H04W48/16; H04W68/00; H04W76/16,Method and apparatus for broadcasting support of selected internet protocol traffic offload,2012-10-03
105,KR20120002166 20120106,KR20120093072 A 20120822,2012-08-22,CN20111020180 20110106,H04W8/082,H04W8/26; H04W36/12; H04W48/16; H04W76/10; H04W84/045; H04W88/08,"(A B1)
METHOD AND APPARATUS FOR SUPPORTING USER EQUIPMENT MOBILITY IN A WIERLESS COMMUNICATION SYSTEM",2012-08-22
106,KR20120011992 20120206,KR20120092509 A 20120821,2012-08-21,US201161441661P 20110211; US201161442283P 20110213; US201161502849P 20110629,H04W4/06; H04W28/08,H04W84/045,"(A B1)
SERVER SERVING FOR CONTROL PLANE IN A MOBILE COMMUNICATION NETWORK AND METHOD FOR CONTROLLING SERVICE",2012-08-21
107,CA20112786702 20110111,CA2786702 A1 20110714,2011-07-14,US20100685651 20100111; WO2011US20838 20110111,H04W48/08,H04W76/10; H04W76/12; H04W80/04; H04W84/045,"(A1 C)
SYSTEM AND METHOD FOR ENABLING DISCOVERY OF LOCAL SERVICE AVAILABILITY IN LOCAL CELLULAR COVERAGE",2011-07-14
108,TW20110100863 20110110,TW201146046 A 20111216,2011-12-16,US20100293423P 20100108; US20100304199P 20100212,H04W48/17,H04W4/06; H04W48/08; H04W48/16; H04W68/00; H04W76/16,"(A)
Method and apparatus for selected internet protocol traffic offload (SIPTO)
(B)
Method and apparatus for selected internet protocol traffic offload",2011-12-16
109,TW20100142110 20101203,TW201145913 A 20111216,2011-12-16,US20090266726P 20091204; US20100299738P 20100129; US20100322245P 20100408; US20100349531P 20100528,H04L63/30; H04W8/082; H04W12/001,H04W76/12; H04W84/045; H04W88/06; H04W92/22,"(A)
Extended local IP access for a converged gateway in a hybrid network
(B)
Extended local ip access for a converged gateway in a hybrid network",2011-12-16
110,WO2012US25076 20120214,WO2012112571 A1 20120823,2012-08-23,US201161442736P 20110214,H04W28/08,H04W36/14; H04W76/10; H04W84/045,SELECTED IP TRAFFIC OFFLOAD (SIPTO) AT A HOME NETWORK NODE,2012-08-23
111,US201213398253 20120216,US2012213199 A1 20120823,2012-08-23,US201213398253 20120216; JP20090217757 20090918; US201113118743 20110531; US201113149264 20110531; US201113131810 20110808; WO2010JP66211 20100917,H04W36/00; H04W36/0033; H04W36/32; H04W76/20; H04W76/22,H04W36/12,COMMUNICATION SYSTEM AND COMMUNICATION CONTROLLING METHOD,2012-08-23
112,AU20110203816 20110111,AU2011203816 A1 20120802,2012-08-02,US20100685651 20100111; WO2011US20838 20110111,H04W48/08,H04W76/10; H04W76/12; H04W80/04; H04W84/045,"(A1 B2)
System and method for enabling discovery of local service availability in local cellular coverage",2012-08-02
113,US201213355283 20120120,US2012189016 A1 20120726,2012-07-26,US201213355283 20120120; US201161435047P 20110121,H04W76/11,H04W8/082; H04W76/18; H04W76/30,"(A1)
Network Apparatus and Process to Determine the Connection Context for Connections Used for (Local) Offloading
(B2)
Network apparatus and process to determine the connection context for connections used for (local) offloading",2012-07-26
114,WO2012US22082 20120120,WO2012100199 A2 20120726,2012-07-26,US201161435047P 20110121,H04W76/11,H04W8/082; H04W76/18; H04W76/30,"(A2 A3)
NETWORK APPARATUS AND PROCESS TO DETERMINE THE CONNECTION CONTEXT FOR CONNECTIONS USED FOR (LOCAL) OFFLOADING",2012-07-26
115,EP20120735732 20120629,EP2727387 A1 20140507,2014-05-07,US201161503711P 20110701; WO2012US45037 20120629,H04W8/082; H04W36/0083; H04W48/20,H04W84/045,METHOD AND APPARATUS FOR SELECTED INTERNET PROTOCOL (IP) TRAFFIC OFFLOAD (SIPTO) AND LOCAL IP ACCESS (LIPA) MOBILITY,2014-05-07
116,US201213428660 20120323,US2012184266 A1 20120719,2012-07-19,US201213428660 20120323; US20100685651 20100111,H04W48/08,H04W76/10; H04W76/12; H04W80/04; H04W84/045,"(A1)
SYSTEM AND METHOD FOR ENABLING DISCOVERY OF LOCAL SERVICE AVAILABILITY IN LOCAL CELLULAR COVERAGE
(B2)
System and method for enabling discovery of local service availability in local cellular coverage",2012-07-19
117,CN20111020180 20110106,CN102595386 A 20120718,2012-07-18,CN20111020180 20110106,H04W8/082,H04W8/26; H04W36/12; H04W48/16; H04W76/10; H04W84/045; H04W88/08,Method for supporting mobility of user equipment (UE),2012-07-18
118,WO2012US45037 20120629,WO2013006471 A1 20130110,2013-01-10,US201161503711P 20110701,H04W8/082; H04W36/0083; H04W48/20,H04W84/045,METHOD AND APPARATUS FOR SELECTED INTERNET PROTOCOL (IP) TRAFFIC OFFLOAD (SIPTO) AND LOCAL IP ACCESS (LIPA) MOBILITY,2013-01-10
119,US201013395360 20100917,US2012170454 A1 20120705,2012-07-05,JP20090217755 20090918; JP20090256493 20091109; WO2010JP66215 20100917,H04W8/082; H04W76/22,H04W80/04,"(A1)
COMMUNICATION SYSTEM AND COMMUNICATION CONTROL METHOD
(B2)
Communication system and communication control method",2012-07-05
120,CN201110461305 20100917,CN102547889 A 20120704,2012-07-04,JP20090217757 20090918,H04W36/00; H04W36/0033; H04W36/32; H04W76/20; H04W76/22,H04W36/12,Communication system and communication controlling method,2012-07-04
121,CN201110461311 20100917,CN102523629 A 20120627,2012-06-27,JP20090217757 20090918,H04W36/00; H04W36/0033; H04W36/32; H04W76/20; H04W76/22,H04W36/12,Communication system and communication controlling method,2012-06-27
122,US201213397980 20120216,US2012147876 A1 20120614,2012-06-14,US201213397980 20120216; JP20090217757 20090918; US201113118743 20110531; US201113149264 20110531; US201113131810 20110808; WO2010JP66211 20100917,H04W36/00; H04W36/0033; H04W36/32; H04W76/20; H04W76/22,H04W36/12,COMMUNICATION SYSTEM AND COMMUNICATION CONTROLLING METHOD,2012-06-14
123,US201213398002 20120216,US2012147853 A1 20120614,2012-06-14,US201213398002 20120216; JP20090217757 20090918; US201113118743 20110531; US201113149264 20110531; US201113131810 20110808; WO2010JP66211 20100917,H04W36/00; H04W36/0033; H04W36/32; H04W76/20; H04W76/22,H04W36/12,COMMUNICATION SYSTEM AND COMMUNICATION CONTROLLING METHOD,2012-06-14
124,US201213370031 20120209,US2012147851 A1 20120614,2012-06-14,US201213370031 20120209; JP20090217757 20090918; US201113118743 20110531; US201113149264 20110531; US201113131810 20110808; WO2010JP66211 20100917,H04W36/00; H04W36/0033; H04W36/32; H04W76/20; H04W76/22,H04W36/12,COMMUNICATION SYSTEM AND COMMUNICATION CONTROLLING METHOD,2012-06-14
125,US201213370112 20120209,US2012140737 A1 20120607,2012-06-07,US201213370112 20120209; JP20090217757 20090918; US201113118743 20110531; US201113149264 20110531; US201113131810 20110808; WO2010JP66211 20100917,H04W36/00; H04W36/0033; H04W36/32; H04W76/20; H04W76/22,H04W36/12,COMMUNICATION SYSTEM AND COMMUNICATION CONTROLLING METHOD,2012-06-07
126,US201213398172 20120216,US2012140742 A1 20120607,2012-06-07,US201113149264 20110531; JP20090217757 20090918; US201113118743 20110531; US201213398172 20120216; US201113131810 20110808; WO2010JP66211 20100917,H04W36/00; H04W36/0033; H04W36/32; H04W76/20; H04W76/22,H04W36/12,COMMUNICATION SYSTEM AND COMMUNICATION CONTROLLING METHOD,2012-06-07
127,US201213370642 20120210,US2012140739 A1 20120607,2012-06-07,US201213370642 20120210; JP20090217757 20090918; US201113118743 20110531; US201113149264 20110531; US201113131810 20110808; WO2010JP66211 20100917,H04W36/00; H04W36/0033; H04W36/32; H04W76/20; H04W76/22,H04W36/12,COMMUNICATION SYSTEM AND COMMUNICATION CONTROLLING METHOD,2012-06-07
128,US201213370434 20120210,US2012140738 A1 20120607,2012-06-07,US201213370434 20120210; JP20090217757 20090918; US201113118743 20110531; US201113149264 20110531; US201113131810 20110808; WO2010JP66211 20100917,H04W36/00; H04W36/0033; H04W36/32; H04W76/20; H04W76/22,H04W36/12,COMMUNICATION SYSTEM AND COMMUNICATION CONTROLLING METHOD,2012-06-07
129,US201213370077 20120209,US2012140736 A1 20120607,2012-06-07,US201213370077 20120209; JP20090217757 20090918; US201113118743 20110531; US201113149264 20110531; US201113131810 20110808; WO2010JP66211 20100917,H04W36/00; H04W36/0033; H04W36/32; H04W76/20; H04W76/22,H04W36/12,"(A1)
COMMUNICATION SYSTEM AND COMMUNICATION CONTROLLING METHOD
(B2)
Communication system and communication controlling method",2012-06-07
130,US201213369995 20120209,US2012140735 A1 20120607,2012-06-07,US201213369995 20120209; JP20090217757 20090918; US201113118743 20110531; US201113149264 20110531; US201113131810 20110808; WO2010JP66211 20100917,H04W36/00; H04W36/0033; H04W36/32; H04W76/20; H04W76/22,H04W36/12,COMMUNICATION SYSTEM AND COMMUNICATION CONTROLLING METHOD,2012-06-07
131,US201213398223 20120216,US2012140729 A1 20120607,2012-06-07,US201213398223 20120216; JP20090217757 20090918; US201113118743 20110531; US201113149264 20110531; US201113131810 20110808; WO2010JP66211 20100917,H04W36/00; H04W36/0033; H04W36/32; H04W76/20; H04W76/22,H04W36/12,COMMUNICATION SYSTEM AND COMMUNICATION CONTROLLING METHOD,2012-06-07
132,CN20108029555 20100917,CN102484828 A 20120530,2012-05-30,WO2010JP66211 20100917; JP20090217757 20090918,H04W36/00; H04W36/0033; H04W36/32; H04W76/20; H04W76/22,H04W36/12,Communication system and communication control method,2012-05-30
133,CN20108040154 20100917,CN102484814 A 20120530,2012-05-30,WO2010JP66215 20100917; JP20090217755 20090918; JP20090256493 20091109,H04W8/082; H04W76/22,H04W80/04,Communication system and communication control method,2012-05-30
134,CN20108024709 20100510,CN102474448 A 20120523,2012-05-23,WO2010CN72562 20100510,H04W8/082,H04W76/12; H04W84/045,"(A B)
Bypass service implementing method, network unit, network unit proxy, and system thereof",2012-05-23
135,CA20102773288 20100917,CA2773288 A1 20110324,2011-03-24,JP20090217757 20090918; CA20102764054 20100917,H04W36/00; H04W36/0033; H04W36/32; H04W76/20; H04W76/22,H04W36/12,"(A1 C)
COMMUNICATION SYSTEM AND COMMUNICATION CONTROLLING METHOD",2011-03-24
136,CA20102773158 20100917,CA2773158 A1 20110324,2011-03-24,JP20090217757 20090918; CA20102764054 20100917,H04W36/00; H04W36/0033; H04W36/32; H04W76/20; H04W76/22,H04W36/12,"(A1 C)
COMMUNICATION SYSTEM AND COMMUNICATION CONTROLLING METHOD",2011-03-24
137,CA20102773510 20100917,CA2773510 A1 20110324,2011-03-24,JP20090217755 20090918; JP20090256493 20091109; WO2010JP66215 20100917,H04W8/082; H04W76/22,H04W80/04,"(A1 C)
COMMUNICATION SYSTEM AND COMMUNICATION CONTROL METHOD",2011-03-24
138,WO2012US32172 20120404,WO2012138760 A1 20121011,2012-10-11,US201161471489P 20110404,H04W8/082,,SELECTED IP TRAFFIC OFFLOAD AND LOCAL IP ACCESS,2012-10-11
139,JP20110229642 20111019,JP2012044703 A 20120301,2012-03-01,JP20090217757 20090918; JP20110229642 20111019,H04W36/00; H04W36/0033; H04W36/32; H04W76/20; H04W76/22,H04W36/12,"(A)
COMMUNICATION SYSTEM, COMMUNICATION CONTROL METHOD AND USER DEVICE",2012-03-01
140,JP20110229637 20111019,JP2012044702 A 20120301,2012-03-01,JP20090217757 20090918; JP20110229637 20111019,H04W36/00; H04W36/0033; H04W36/32; H04W76/20; H04W76/22,H04W36/12,"(A)
COMMUNICATION SYSTEM, COMMUNICATION CONTROL METHOD AND USER DEVICE",2012-03-01
141,US201113246573 20110927,US2012076121 A1 20120329,2012-03-29,US201113246573 20110927; US20100387323P 20100928,H04W76/32,H04W84/045,"(A1)
Releasing Connections with Local GW When UE Moves Out of Residential/Enterprise Network Coverage
(B2)
Releasing connections with local GW when UE moves out of residential/enterprise network coverage",2012-03-29
142,EP20120155753 20100917,EP2498543 A2 20120912,2012-09-12,EP20100817286 20100917; JP20090217757 20090918,H04W36/00; H04W36/0033; H04W36/32; H04W76/20; H04W76/22,H04W36/12,"(A2 A3)
Communication system and communication controlling method",2012-09-12
143,EP20120155755 20100917,EP2477441 A2 20120718,2012-07-18,EP20100817286 20100917; JP20090217757 20090918,H04W36/00; H04W36/0033; H04W36/32; H04W76/20; H04W76/22,H04W36/12,"(A2 A3 B1)
Communication system and communication controlling method",2012-07-18
144,EP20120155761 20100917,EP2475200 A2 20120711,2012-07-11,EP20100817286 20100917; JP20090217757 20090918,H04W36/00; H04W36/0033; H04W36/32; H04W76/20; H04W76/22,H04W36/12,"(A2 A3)
Communication system and communication controlling method",2012-07-11
145,EP20120155349 20100917,EP2466962 A2 20120620,2012-06-20,EP20100817286 20100917; JP20090217757 20090918,H04W36/00; H04W36/0033; H04W36/32; H04W76/20; H04W76/22,H04W36/12,"(A2 A3)
Communication system and communication controlling method",2012-06-20
146,EP20120155344 20100917,EP2466961 A2 20120620,2012-06-20,EP20100817286 20100917; JP20090217757 20090918,H04W36/00; H04W36/0033; H04W36/32; H04W76/20; H04W76/22,H04W36/12,"(A2 A3)
Communication system and communication controlling method",2012-06-20
147,EP20120154704 20100917,EP2466960 A2 20120620,2012-06-20,EP20100817286 20100917; JP20090217757 20090918,H04W36/00; H04W36/0033; H04W36/32; H04W76/20; H04W76/22,H04W36/12,"(A2 A3)
Communication system and communication controlling method",2012-06-20
148,EP20120154702 20100917,EP2466959 A2 20120620,2012-06-20,EP20100817286 20100917; JP20090217757 20090918,H04W36/00; H04W36/0033; H04W36/32; H04W76/20; H04W76/22,H04W36/12,"(A2 A3)
Communication system and communication controlling method",2012-06-20
149,EP20120154454 20100917,EP2466958 A2 20120620,2012-06-20,EP20100817286 20100917; JP20090217757 20090918,H04W36/00; H04W36/0033; H04W36/32; H04W76/20; H04W76/22,H04W36/12,"(A2 A3)
Communication system and communication controlling method",2012-06-20
150,EP20120154449 20100917,EP2466957 A2 20120620,2012-06-20,EP20100817286 20100917; JP20090217757 20090918,H04W36/00; H04W36/0033; H04W36/32; H04W76/20; H04W76/22,H04W36/12,"(A2 A3)
Communication system and communication controlling method",2012-06-20
151,EP20120154268 20100917,EP2466956 A2 20120620,2012-06-20,EP20100817286 20100917; JP20090217757 20090918,H04W36/00; H04W36/0033; H04W36/32; H04W76/20; H04W76/22,H04W36/12,"(A2 A3)
Communication system and communication controlling method",2012-06-20
152,EP20120154261 20100917,EP2466955 A2 20120620,2012-06-20,EP20100817286 20100917; JP20090217757 20090918,H04W36/00; H04W36/0033; H04W36/32; H04W76/20; H04W76/22,H04W36/12,"(A2 A3)
Communication system and communication controlling method",2012-06-20
153,CA20102764054 20100917,CA2764054 A1 20110324,2011-03-24,JP20090217757 20090918; WO2010JP66211 20100917,H04W36/00; H04W36/0033; H04W36/32; H04W76/20; H04W76/22,H04W36/12,COMMUNICATION SYSTEM AND COMMUNICATION CONTROLLING METHOD,2011-03-24
154,CN201010230271 20100715,CN102340844 A 20120201,2012-02-01,CN201010230271 20100715,,,"Method for determining target base station in switching process, UE (User Equipment) and MME (Mobility Management Entity)",2012-02-01
155,KR20110043603 20110509,KR20110124164 A 20111116,2011-11-16,CN201010175987 20100510; CN201010234849 20100720,H04W8/082; H04W76/34,H04W28/06; H04W36/08; H04W48/02; H04W72/00; H04W76/19,"(A B1)
HANDOVER METHOD SUPPORTING TERMINAL MOBILITY",2011-11-16
156,EP20110193782 20100917,EP2487959 A2 20120815,2012-08-15,EP20100817286 20100917; JP20090217757 20090918,H04W36/00; H04W36/0033; H04W36/32; H04W76/20; H04W76/22,H04W36/12,"(A2 A3 B1)
Communication system and communication controlling method",2012-08-15
157,EP20110193779 20100917,EP2477440 A2 20120718,2012-07-18,EP20100817286 20100917; JP20090217757 20090918,H04W36/00; H04W36/0033; H04W36/32; H04W76/20; H04W76/22,H04W36/12,"(A2 A3)
Communication system and communication controlling method",2012-07-18
158,US201113149264 20110531,US2011292912 A1 20111201,2011-12-01,US201113149264 20110531; US201113131810 20110808; JP20090217757 20090918; WO2010JP66211 20100917,H04W36/00; H04W36/0033; H04W36/32; H04W76/20; H04W76/22,H04W36/12,"(A1)
COMMUNICATION SYSTEM AND COMMUNICATION CONTROLLING METHOD
(B2)
Communication system and communication controlling method",2011-12-01
159,US201113118743 20110531,US2011286410 A1 20111124,2011-11-24,US201113118743 20110531; JP20090217757 20090918; WO2010JP66211 20100917,H04W36/00; H04W36/0033; H04W36/32; H04W76/20; H04W76/22,H04W36/12,"(A1)
COMMUNICATION SYSTEM AND COMMUNICATION CONTROLLING METHOD
(B2)
Communication system and communication controlling method",2011-11-24
160,US201013131810 20100917,US2011286430 A1 20111124,2011-11-24,JP20090217757 20090918; WO2010JP66211 20100917,H04W36/00; H04W36/0033; H04W36/32; H04W76/20; H04W76/22,H04W36/12,COMMUNICATION SYSTEM AND COMMUNICATION CONTROLLING METHOD,2011-11-24
161,CN201010234849 20100720,CN102244908 A 20111116,2011-11-16,CN201010175987 20100510; CN201010234849 20100720,H04W8/082; H04W76/34,H04W28/06; H04W36/08; H04W48/02; H04W72/00; H04W76/19,"(A)
Handover method supporting terminal mobility",2011-11-16
162,JP20110133685 20110615,JP2011217397 A 20111027,2011-10-27,JP20090217757 20090918; JP20110133685 20110615,H04W36/00; H04W36/0033; H04W36/32; H04W76/20; H04W76/22,H04W36/12,"(A)
COMMUNICATION SYSTEM, COMMUNICATION CONTROL METHOD, AND USER DEVICE",2011-10-27
163,JP20110133684 20110615,JP2011217396 A 20111027,2011-10-27,JP20090217757 20090918; JP20110133684 20110615,H04W36/00; H04W36/0033; H04W36/32; H04W76/20; H04W76/22,H04W36/12,"(A)
COMMUNICATION SYSTEM, COMMUNICATION CONTROL METHOD, AND USER DEVICE",2011-10-27
164,WO2011KR03438 20110509,WO2011142567 A2 20111117,2011-11-17,CN201010234849 20100720; CN201010175987 20100510,H04W8/082; H04W76/34,H04W28/06; H04W36/08; H04W48/02; H04W72/00; H04W76/19,"(A2 A3)
HANDOVER METHOD SUPPORTING TERMINAL MOBILITY",2011-11-17
165,WO2010CN72562 20100510,WO2011140697 A1 20111117,2011-11-17,WO2010CN72562 20100510,H04W8/082,H04W76/12; H04W84/045,"BYPASS SERVICE IMPLEMENTING METHOD, NETWORK UNIT, NETWORK UNIT PROXY, AND SYSTEM THEREOF",2011-11-17
166,WO2010CN72560 20100510,WO2011140696 A1 20111117,2011-11-17,WO2010CN72560 20100510,H04W36/12,H04W36/22,METHOD AND CORRELATIVE DEVICE FOR USER EQUIPMENT HANDOVER INTER HOME NODE BASES,2011-11-17
167,GB20110015746 20110912,GB2494471 A 20130313,2013-03-13,GB20110015746 20110912,H04L67/2842; H04W4/18,,Caching of content in a mobile communications network,2013-03-13
168,GB20110015745 20110912,GB2494470 A 20130313,2013-03-13,GB20110015745 20110912,H04L67/2842; H04W4/18,,Caching of content in a mobile communications network,2013-03-13
169,US201113103314 20110509,US2011274087 A1 20111110,2011-11-10,CN201010175987 20100510; CN201010234849 20100720,H04W8/082; H04W76/34,H04W28/06; H04W36/08; H04W48/02; H04W72/00; H04W76/19,"(A1)
HANDOVER METHOD SUPPORTING TERMINAL MOBILITY
(B2)
Handover method supporting terminal mobility",2011-11-10
170,WO2011KR03226 20110429,WO2011136617 A2 20111103,2011-11-03,US20100389269P 20101003; US20100329531P 20100429,H04W8/082,H04L61/1588; H04W60/04,"(A2 A3)
SERVER IN CHARGE OF CONTROL PLANE WITHIN MOBILE COMMUNICATION NETWORK AND METHOD FOR CONTROLLING SERVICE IN SERVER",2011-11-03
171,WO2011US53525 20110927,WO2012050845 A1 20120419,2012-04-19,US20100387323P 20100928,H04W76/32,H04W84/045,RESIDENTIAL/ENTERPRISE NETWORK CONNECTION MANAGEMENT AND HANDOVER SCENARIOS,2012-04-19
172,WO2011US53520 20110927,WO2012044628 A1 20120405,2012-04-05,US20100387323P 20100928,H04W76/32,H04W84/045,RELEASING CONNECTIONS WITH LOCAL GW WHEN UE MOVES OUT OF RESIDENTIAL/ENTERPRISE NETWORK COVERAGE,2012-04-05
173,WO2011US53512 20110927,WO2012050842 A1 20120419,2012-04-19,US20100387310P 20100928,H04W36/0022,H04W36/14,RESIDENTIAL/ENTERPRISE NETWORK CONNECTION MANAGEMENT AND CSFB SCENARIOS,2012-04-19
174,WO2011US53505 20110927,WO2012050841 A1 20120419,2012-04-19,US20100387297P 20100928,H04W36/0022; H04W48/08; H04W76/30,H04W8/082; H04W84/045,METHOD AND APPARATUS FOR RELEASING CONNECTION WITH LOCAL GW WHEN UE MOVES OUT OF THE RESIDENTIAL/ENTERPRISE NETWORK COVERAGE,2012-04-19
175,US20100960160 20101203,US2011228750 A1 20110922,2011-09-22,US20100960160 20101203; US20090266726P 20091204; US20100322245P 20100408; US20100349531P 20100528; US20100299738P 20100129,H04L63/30; H04W8/082; H04W12/001,H04W76/12; H04W84/045; H04W88/06; H04W92/22,"(A1)
Extended Local IP Access For A Converged Gateway In A Hybrid Network
(B2)
Extended local IP access for a converged gateway in a hybrid network",2011-09-22
176,CN201010123106 20100311,CN102196404 A 20110921,2011-09-21,CN201010123106 20100311,,,"(A B)
Method, system and device for sending data",2011-09-21
177,WO2011CN71740 20110311,WO2011110106 A1 20110915,2011-09-15,CN201010124871 20100312,H04W76/12,,"METHOD, SYSTEM AND APPARATUS FOR SELECTING DATA PLANE TUNNEL ACCORDING TO THE STATUS OF USER EQUIPMENT",2011-09-15
178,WO2010CN76193 20100820,WO2011109999 A1 20110915,2011-09-15,WO2010CN76193 20100820,H04W8/02,H04W28/06; H04W48/16; H04W76/10; H04W88/16,METHOD FOR INDICATING INFORMATION AND MOBILITY MANAGEMENT NETWORK ELEMENT,2011-09-15
179,EP20110752849 20110311,EP2547150 A1 20130116,2013-01-16,CN201010124871 20100312; WO2011CN71740 20110311,H04W76/12,,"(A1 A4 B1)
METHOD, SYSTEM AND APPARATUS FOR SELECTING DATA PLANE TUNNEL ACCORDING TO THE STATUS OF USER EQUIPMENT",2013-01-16
180,CN20111090670 20110412,CN102158566 A 20110817,2011-08-17,CN20111090670 20110412,,,Method and device for accessing network,2011-08-17
181,WO2011KR00199 20110112,WO2011090290 A2 20110728,2011-07-28,CN20101003382 20100119,H04W36/0055,,"(A2 A3)
METHOD FOR DATA FORWARDING",2011-07-28
182,CN20101003382 20100119,CN102131251 A 20110720,2011-07-20,CN20101003382 20100119,H04W36/0055,,Method for data forwarding,2011-07-20
183,US20100685651 20100111,US2011171953 A1 20110714,2011-07-14,US20100685651 20100111,H04W48/08,H04W76/10; H04W76/12; H04W80/04; H04W84/045,"(A1)
SYSTEM AND METHOD FOR ENABLING DISCOVERY OF LOCAL SERVICE AVAILABILITY IN LOCAL CELLULAR COVERAGE
(B2)
System and method for enabling discovery of local service availability in local cellular coverage",2011-07-14
184,US20100685662 20100111,US2011170517 A1 20110714,2011-07-14,US20100685662 20100111,H04W36/0033,H04W36/0027; H04W36/12; H04W36/125; H04W36/385; H04W48/08; H04W76/22; H04W84/045,"(A1)
SYSTEM AND METHOD FOR ENABLING SESSION CONTEXT CONTINUITY OF LOCAL SERVICE AVAILABILITY IN LOCAL CELLULAR COVERAGE
(B2)
System and method for enabling session context continuity of local service availability in local cellular coverage",2011-07-14
185,US20110987644 20110110,US2011170469 A1 20110714,2011-07-14,US20110987644 20110110; US20100293423P 20100108; US20100304199P 20100212,H04W48/17,H04W4/06; H04W48/08; H04W48/16; H04W68/00; H04W76/16,"(A1)
METHOD AND APPARATUS FOR SELECTED INTERNET PROTOCOL TRAFFIC OFFLOAD
(B2)
Method and apparatus for selected internet protocol traffic offload",2011-07-14
186,WO2010CN79098 20101124,WO2011079667 A1 20110707,2011-07-07,CN200910266004 20091228,H04W36/0011,,LOCAL INTERNET PROTOCOL (IP) ACCESS OR SELECTED INTERNET PROTOCOL TRAFFIC OFFLOAD ESTABLISHMENT METHOD AND SYSTEM,2011-07-07
187,WO2011US40992 20110617,WO2011160091 A1 20111222,2011-12-22,US201113161416 20110615; US201161435389P 20110124; US20100355918P 20100617,H04W8/082; H04W48/08; H04W76/10,,"MANAGING PACKET DATA NETWORK, PDN CONNECTIVITY",2011-12-22
188,WO2010CN79514 20101207,WO2011076063 A1 20110630,2011-06-30,CN200910261266 20091224,H04W36/0011,H04W36/12; H04W40/34,"METHOD, DEVICE, AND SYSTEM FOR MANAGING LOCAL INTERNET PROTOCOL ACCESS OR SELECTED INTERNET PROTOCOL TRAFFIC OFFLOAD",2011-06-30
189,CN201010142934 20100407,CN102111825 A 20110629,2011-06-29,CN201010142934 20100407,,,"Method, system and device for distinguishing Direct Tunnel",2011-06-29
190,CN201010124871 20100312,CN102088771 A 20110608,2011-06-08,CN201010124871 20100312,H04W76/12,,"(A B)
Method, system and device for selecting data surface path according to UE (User Equipment) status",2011-06-08
191,WO2011US32148 20110412,WO2011130294 A2 20111020,2011-10-20,US201113080479 20110405; US20100371135P 20100805; US20100323777P 20100413,H04W76/10,H04W8/082,"(A2 A3)
METHOD AND APPARATUS FOR MANAGING LOCAL INTERNET PROTOCOL OFFLOAD",2011-10-20
192,CN200910110715 20090928,CN102036216 A 20110427,2011-04-27,CN200910110715 20090928,H04W8/082,H04W84/045,"(A B)
Control method, device and system for local internet protocol (IP) access or selected IP traffic offload",2011-04-27
193,WO2010CN77340 20100927,WO2011035732 A1 20110331,2011-03-31,CN200910110715 20090928,H04W8/082,H04W84/045,"CONTROL METHOD, DEVICE AND SYSTEM FOR LOCAL IP ACCESS OR SELECTED IP TRAFFIC OFFLOAD",2011-03-31
194,WO2010JP66215 20100917,WO2011034175 A1 20110324,2011-03-24,JP20090217755 20090918; JP20090256493 20091109,H04W8/082; H04W76/22,H04W80/04,COMMUNICATION SYSTEM AND COMMUNICATION CONTROL METHOD,2011-03-24
195,WO2010JP66211 20100917,WO2011034173 A1 20110324,2011-03-24,JP20090217757 20090918,H04W36/00; H04W36/0033; H04W36/32; H04W76/20; H04W76/22,H04W36/12,COMMUNICATION SYSTEM AND COMMUNICATION CONTROL METHOD,2011-03-24
196,EP20100817288 20100917,EP2466950 A1 20120620,2012-06-20,JP20090217755 20090918; JP20090256493 20091109; WO2010JP66215 20100917,H04W8/082; H04W76/22,H04W80/04,"(A1 A4)
COMMUNICATION SYSTEM AND COMMUNICATION CONTROL METHOD",2012-06-20
197,EP20100817286 20100917,EP2442611 A1 20120418,2012-04-18,JP20090217757 20090918; WO2010JP66211 20100917,H04W36/00; H04W36/0033; H04W36/32; H04W76/20; H04W76/22,H04W36/12,"(A1 A4)
COMMUNICATION SYSTEM AND COMMUNICATION CONTROL METHOD",2012-04-18
198,WO2011US20844 20110111,WO2011085373 A2 20110714,2011-07-14,US20100685662 20100111,H04W36/0033,H04W36/0027; H04W36/12; H04W36/125; H04W36/385; H04W48/08; H04W76/22; H04W84/045,"(A2 A3)
SYSTEM AND METHOD FOR ENABLING SESSION CONTEXT CONTINUITY OF LOCAL SERVICE AVAILABILITY IN LOCAL CELLULAR COVERAGE",2011-07-14
199,WO2011EP00548 20110207,WO2011095358 A1 20110811,2011-08-11,EP20100001210 20100205,H04W36/08,H04W8/082; H04W36/0033; H04W36/22,A METHOD FOR ROUTING TRAFFIC WITHIN A NETWORK AND A NETWORK,2011-08-11
0,WO2011US20838 20110111,WO2011085370 A2 20110714,2011-07-14,US20100685651 20100111,H04W48/08,H04W76/10; H04W76/12; H04W80/04; H04W84/045,"(A2 A3 A4)
SYSTEM AND METHOD FOR ENABLING DISCOVERY OF LOCAL SERVICE AVAILABILITY IN LOCAL CELLULAR COVERAGE",2011-07-14
1,WO2011US20637 20110110,WO2011085290 A1 20110714,2011-07-14,US20100293423P 20100108; US20100304199P 20100212,H04W48/17,H04W4/06; H04W48/08; H04W48/16; H04W68/00; H04W76/16,METHOD AND APPARATUS FOR BROADCASTING SUPPORT OF SELECTED INTERNET PROTOCOL TRAFFIC OFFLOAD,2011-07-14
2,WO2010US58940 20101203,WO2011069092 A1 20110609,2011-06-09,US20100322245P 20100408; US20090266726P 20091204; US20100349531P 20100528; US20100299738P 20100129,H04L63/30; H04W8/082; H04W12/001,H04W76/12; H04W84/045; H04W88/06; H04W92/22,EXTENDED LOCAL IP ACCESS FOR A CONVERGED GATEWAY IN A HYBRID NETWORK,2011-06-09
3,EP20100751896 20100824,EP2609779 A1 20130703,2013-07-03,WO2010EP62347 20100824,H04W68/00,H04W84/045; H04W92/02,"(A1 B1)
NETWORK DEVICES AND METHOD FOR SUPPORTING DOWNLINK PAGING FOR LIPA OR SIPTO",2013-07-03
4,WO2010EP62347 20100824,WO2012025149 A1 20120301,2012-03-01,WO2010EP62347 20100824,H04W68/00,H04W84/045; H04W92/02,NETWORK DEVICES AND METHOD FOR SUPPORTING DOWNLINK PAGING FOR LIPA OR SIPTO,2012-03-01
